Model,CV Accuracy (mean),CV Accuracy (std),Test Accuracy,Test Macro-F1,Train Time (s)
XGBoost,0.9892063492063492,0.0014720029357929636,0.99,0.989999710332316,1.3364510536193848
LightGBM,0.9896825396825397,0.0025097441747368,0.9885185185185185,0.9885198785131024,1.2675230503082275
RandomForest,0.9892063492063492,0.0012895299054977668,0.9877777777777778,0.9877822876573968,3.2593746185302734
SVM,0.9871428571428572,0.0019047619047619332,0.9877777777777778,0.9877935965632424,0.2809305191040039
